post_id,post_title,custom_label,comment_id,comment_time,comment_body,author
a5xmb,"Roger Ebert gives one star to ""New Moon,"" says, ""Edward and the other members of the Cullen vampire clan stand around a lot with glowering skulks. Long pauses interrupt longer ones. Listen up, lads! You may be immortal, but we've got a train to catch.""",Roger Ebert review,c0fzzsf,2009-11-19 08:57:09,"Even after all he's been through, Ebert still manages to deliver a well-deserved cockpunch to a deserving party.",None
a5xmb,"Roger Ebert gives one star to ""New Moon,"" says, ""Edward and the other members of the Cullen vampire clan stand around a lot with glowering skulks. Long pauses interrupt longer ones. Listen up, lads! You may be immortal, but we've got a train to catch.""",Roger Ebert review,c0g04gl,2009-11-19 12:39:04,"""How white his skin, how red his lips. The decay of middle age may transform him into the Joker.""

I would actually pay to see THAT movie.",DevoALMIGHTY
a5xmb,"Roger Ebert gives one star to ""New Moon,"" says, ""Edward and the other members of the Cullen vampire clan stand around a lot with glowering skulks. Long pauses interrupt longer ones. Listen up, lads! You may be immortal, but we've got a train to catch.""",Roger Ebert review,c0g08nm,2009-11-19 14:44:01,Did any of you guys catch the Twilight **(1998)** reference? It links to his review of a Paul Newman film. [Link](http://www.imdb.com/title/tt0119594/). LOL,kublakhan1816
a5xmb,"Roger Ebert gives one star to ""New Moon,"" says, ""Edward and the other members of the Cullen vampire clan stand around a lot with glowering skulks. Long pauses interrupt longer ones. Listen up, lads! You may be immortal, but we've got a train to catch.""",Roger Ebert review,c0g07lj,2009-11-19 14:21:07,"""...like driving a pickup in low gear though a sullen sea of Brylcreem.""

God *damn* I love Roger Ebert.",Naberius
a5xmb,"Roger Ebert gives one star to ""New Moon,"" says, ""Edward and the other members of the Cullen vampire clan stand around a lot with glowering skulks. Long pauses interrupt longer ones. Listen up, lads! You may be immortal, but we've got a train to catch.""",Roger Ebert review,c0g050b,2009-11-19 13:02:57,"> Bella writes long letters to her absent vampire friend Alice (Ashley Greene), in which she does nothing to explain why she is helplessly attracted to these sinister, humorless and vain men.

This is hysterical.

> ..and nobody not clued in on the plot. Since they know it all and we know all, sitting through this experience is like driving a pickup in low gear though a sullen sea of Brylcreem.

And this.",back-in-black
a5xmb,"Roger Ebert gives one star to ""New Moon,"" says, ""Edward and the other members of the Cullen vampire clan stand around a lot with glowering skulks. Long pauses interrupt longer ones. Listen up, lads! You may be immortal, but we've got a train to catch.""",Roger Ebert review,c0g0e93,2009-11-19 16:34:34,"No amount of bad reviews is going to stop Twilight fans from seeing this. On its midnight premiere at my local theater it was showing on 10 out of 20 screens, and they all sold out. Needless to say, the theater is going to be smelling like fish for quite some time.",cridantis
a5xmb,"Roger Ebert gives one star to ""New Moon,"" says, ""Edward and the other members of the Cullen vampire clan stand around a lot with glowering skulks. Long pauses interrupt longer ones. Listen up, lads! You may be immortal, but we've got a train to catch.""",Roger Ebert review,c0g08xe,2009-11-19 14:50:04,I saw it yesterday. Ebert is totally on point. I only hope review is as viscous. ,apz1
a5xmb,"Roger Ebert gives one star to ""New Moon,"" says, ""Edward and the other members of the Cullen vampire clan stand around a lot with glowering skulks. Long pauses interrupt longer ones. Listen up, lads! You may be immortal, but we've got a train to catch.""",Roger Ebert review,c0g14b8,2009-11-19 23:29:41,"If you missed the first one, here are some crib notes... with the delightful commentary of the the rifftrax guys (ex-MSTRK).  

http://video.google.com/videosearch?hl=en&source=hp&q=rifftrax%20twilight&um=1&ie=UTF-8&sa=N&tab=wv#hl=en&source=hp&q=rifftrax+twilight&um=1&ie=UTF-8&sa=N&tab=wv&qvid=rifftrax+twilight&vid=7229587911262064919",nothingcool
a5xmb,"Roger Ebert gives one star to ""New Moon,"" says, ""Edward and the other members of the Cullen vampire clan stand around a lot with glowering skulks. Long pauses interrupt longer ones. Listen up, lads! You may be immortal, but we've got a train to catch.""",Roger Ebert review,c0g1fuf,2009-11-20 03:25:36,The one thing in the trailer that bugs the hell outta me.  The wolf effects look like they were on sale from the SciFi channel.  Absolute crap.,Testsubject28
a5xmb,"Roger Ebert gives one star to ""New Moon,"" says, ""Edward and the other members of the Cullen vampire clan stand around a lot with glowering skulks. Long pauses interrupt longer ones. Listen up, lads! You may be immortal, but we've got a train to catch.""",Roger Ebert review,c0g0uwn,2009-11-19 20:55:09,"It's interesting that the there was so much (industry) hubbub about the director of the original film (who is pretty incompetent) being replaced by a more ""seasoned"" director for the sequel... and now the sequel is being panned not just on its own (lack of) merits, but for being much, much worse than the original.  I can only imagine that this will validate the original director (sadly) but really means that as bad as the first book must have been, even a ""seasoned"" director couldn't make the second book into a movie palatable by anyone.",None
a5xmb,"Roger Ebert gives one star to ""New Moon,"" says, ""Edward and the other members of the Cullen vampire clan stand around a lot with glowering skulks. Long pauses interrupt longer ones. Listen up, lads! You may be immortal, but we've got a train to catch.""",Roger Ebert review,c0g0vks,2009-11-19 21:05:50,"Bella: Soâ€¦you're a werewolf?

Jake: Last time I checked.

Bella: ""Can't you find a way to...just stop?

Jake (patiently): ""It's not a lifestyle choice, Bella.""

Social commentary?",sakebomb69
a5xmb,"Roger Ebert gives one star to ""New Moon,"" says, ""Edward and the other members of the Cullen vampire clan stand around a lot with glowering skulks. Long pauses interrupt longer ones. Listen up, lads! You may be immortal, but we've got a train to catch.""",Roger Ebert review,c0g0bdz,2009-11-19 15:41:53,Damn. I promised I'd go with the wife - didn't think the first one was that bad.,speccyteccy
a5xmb,"Roger Ebert gives one star to ""New Moon,"" says, ""Edward and the other members of the Cullen vampire clan stand around a lot with glowering skulks. Long pauses interrupt longer ones. Listen up, lads! You may be immortal, but we've got a train to catch.""",Roger Ebert review,c0g04hc,2009-11-19 12:39:51,I don't know if I can trust Mr. Ebert any longer. :(  I went to see 2012 after reading his opinion. It was a snoozefest. ,None
a5xmb,"Roger Ebert gives one star to ""New Moon,"" says, ""Edward and the other members of the Cullen vampire clan stand around a lot with glowering skulks. Long pauses interrupt longer ones. Listen up, lads! You may be immortal, but we've got a train to catch.""",Roger Ebert review,c0g0bdv,2009-11-19 15:41:49,Damn. I promised I'd go with the wife - didn't think the first one was that bad.,speccyteccy
a5xmb,"Roger Ebert gives one star to ""New Moon,"" says, ""Edward and the other members of the Cullen vampire clan stand around a lot with glowering skulks. Long pauses interrupt longer ones. Listen up, lads! You may be immortal, but we've got a train to catch.""",Roger Ebert review,c0g0tqz,2009-11-19 20:37:54,">The Twilight Saga is an extended metaphor for teen chastity, in which the punishment for being deflowered I will leave to your imagination.

laff",binary
a5xmb,"Roger Ebert gives one star to ""New Moon,"" says, ""Edward and the other members of the Cullen vampire clan stand around a lot with glowering skulks. Long pauses interrupt longer ones. Listen up, lads! You may be immortal, but we've got a train to catch.""",Roger Ebert review,c0g11tb,2009-11-19 22:45:25,"> ""The decay of middle age may transform him into the Joker.""

Or Michael Douglas.
",Deacon
a5xmb,"Roger Ebert gives one star to ""New Moon,"" says, ""Edward and the other members of the Cullen vampire clan stand around a lot with glowering skulks. Long pauses interrupt longer ones. Listen up, lads! You may be immortal, but we've got a train to catch.""",Roger Ebert review,c0g08le,2009-11-19 14:42:54,I had to look up [Brylcreem](http://en.wikipedia.org/wiki/Brylcreem) to understand that.,None
a5xmb,"Roger Ebert gives one star to ""New Moon,"" says, ""Edward and the other members of the Cullen vampire clan stand around a lot with glowering skulks. Long pauses interrupt longer ones. Listen up, lads! You may be immortal, but we've got a train to catch.""",Roger Ebert review,c0g0jjr,2009-11-19 17:58:07,fish?,sabetts
a5xmb,"Roger Ebert gives one star to ""New Moon,"" says, ""Edward and the other members of the Cullen vampire clan stand around a lot with glowering skulks. Long pauses interrupt longer ones. Listen up, lads! You may be immortal, but we've got a train to catch.""",Roger Ebert review,c0g0oy6,2009-11-19 19:22:51,"Apparently here in winnipeg for the first week of showings all the major theaters are 100% sold out...
",None
a5xmb,"Roger Ebert gives one star to ""New Moon,"" says, ""Edward and the other members of the Cullen vampire clan stand around a lot with glowering skulks. Long pauses interrupt longer ones. Listen up, lads! You may be immortal, but we've got a train to catch.""",Roger Ebert review,c0g0cyn,2009-11-19 16:12:19,Why in the hell did you watch it?,None
a5xmb,"Roger Ebert gives one star to ""New Moon,"" says, ""Edward and the other members of the Cullen vampire clan stand around a lot with glowering skulks. Long pauses interrupt longer ones. Listen up, lads! You may be immortal, but we've got a train to catch.""",Roger Ebert review,c0g0w35,2009-11-19 21:13:44,[deleted],None
a5xmb,"Roger Ebert gives one star to ""New Moon,"" says, ""Edward and the other members of the Cullen vampire clan stand around a lot with glowering skulks. Long pauses interrupt longer ones. Listen up, lads! You may be immortal, but we've got a train to catch.""",Roger Ebert review,c0g0d0u,2009-11-19 16:13:28,"I feel very sorry for you. Sorry that you could actually think the first movie wasn't that bad, and sorry that your wife likes those ridiculous books/films.",None
a5xmb,"Roger Ebert gives one star to ""New Moon,"" says, ""Edward and the other members of the Cullen vampire clan stand around a lot with glowering skulks. Long pauses interrupt longer ones. Listen up, lads! You may be immortal, but we've got a train to catch.""",Roger Ebert review,c0g0jou,2009-11-19 18:00:18,I hope you were smart enough to ask for something in return.,Herff
a5xmb,"Roger Ebert gives one star to ""New Moon,"" says, ""Edward and the other members of the Cullen vampire clan stand around a lot with glowering skulks. Long pauses interrupt longer ones. Listen up, lads! You may be immortal, but we've got a train to catch.""",Roger Ebert review,c0g05i5,2009-11-19 13:22:21,You always have to remember that Ebert doesn't rate every movie on the same scale.  2012 got a good review because it's good.. for a disaster movie.  If you like disaster movies you will like 2012.  If you don't like disaster movies.. well.  ,ophanim
a5xmb,"Roger Ebert gives one star to ""New Moon,"" says, ""Edward and the other members of the Cullen vampire clan stand around a lot with glowering skulks. Long pauses interrupt longer ones. Listen up, lads! You may be immortal, but we've got a train to catch.""",Roger Ebert review,c0g05e2,2009-11-19 13:18:28,[removed],None
a5xmb,"Roger Ebert gives one star to ""New Moon,"" says, ""Edward and the other members of the Cullen vampire clan stand around a lot with glowering skulks. Long pauses interrupt longer ones. Listen up, lads! You may be immortal, but we've got a train to catch.""",Roger Ebert review,c0g08n1,2009-11-19 14:43:43,"Ebert is and always has been a hack, which is why the gods smote him with throat cancer.",None
a5xmb,"Roger Ebert gives one star to ""New Moon,"" says, ""Edward and the other members of the Cullen vampire clan stand around a lot with glowering skulks. Long pauses interrupt longer ones. Listen up, lads! You may be immortal, but we've got a train to catch.""",Roger Ebert review,c0g0d1c,2009-11-19 16:13:47,A little dab'll do ya.,None
a5xmb,"Roger Ebert gives one star to ""New Moon,"" says, ""Edward and the other members of the Cullen vampire clan stand around a lot with glowering skulks. Long pauses interrupt longer ones. Listen up, lads! You may be immortal, but we've got a train to catch.""",Roger Ebert review,c0g11qc,2009-11-19 22:44:03,"""Brylcreem""? How old is Ebert? 106?",Deacon
a5xmb,"Roger Ebert gives one star to ""New Moon,"" says, ""Edward and the other members of the Cullen vampire clan stand around a lot with glowering skulks. Long pauses interrupt longer ones. Listen up, lads! You may be immortal, but we've got a train to catch.""",Roger Ebert review,c0g0m8f,2009-11-19 18:40:19,"I believe the above poster is making a crude reference to the scent emitted by young women when their vaginas become lubricated due to sexual arousal, in this case presumably by watching Edward Cullen on screen.

",sylvan
a5xmb,"Roger Ebert gives one star to ""New Moon,"" says, ""Edward and the other members of the Cullen vampire clan stand around a lot with glowering skulks. Long pauses interrupt longer ones. Listen up, lads! You may be immortal, but we've got a train to catch.""",Roger Ebert review,c0g0d9w,2009-11-19 16:17:50,I'm a film critic.,apz1
a5xmb,"Roger Ebert gives one star to ""New Moon,"" says, ""Edward and the other members of the Cullen vampire clan stand around a lot with glowering skulks. Long pauses interrupt longer ones. Listen up, lads! You may be immortal, but we've got a train to catch.""",Roger Ebert review,c0g0x6d,2009-11-19 21:31:09,"Well, werewolves like the full moon right? And gays like the ass right? I posit a question: what is another name for showing your ass to someone?",the_argus
a5xmb,"Roger Ebert gives one star to ""New Moon,"" says, ""Edward and the other members of the Cullen vampire clan stand around a lot with glowering skulks. Long pauses interrupt longer ones. Listen up, lads! You may be immortal, but we've got a train to catch.""",Roger Ebert review,c0g0l91,2009-11-19 18:24:46,Of course - and that makes me feel even better than knowing there are  at least three people sad enough to downvote my original comment. Sigh....,speccyteccy
a5xmb,"Roger Ebert gives one star to ""New Moon,"" says, ""Edward and the other members of the Cullen vampire clan stand around a lot with glowering skulks. Long pauses interrupt longer ones. Listen up, lads! You may be immortal, but we've got a train to catch.""",Roger Ebert review,c0g05mr,2009-11-19 13:26:06,"Hey, I love a good disaster movie. The problem with 2012 is that it used up all the really cool effects in the first part of the movie...",None
a5xmb,"Roger Ebert gives one star to ""New Moon,"" says, ""Edward and the other members of the Cullen vampire clan stand around a lot with glowering skulks. Long pauses interrupt longer ones. Listen up, lads! You may be immortal, but we've got a train to catch.""",Roger Ebert review,c0g05rd,2009-11-19 13:29:34,"It shouldn't be a matter of personal taste. He's a critic and should be analytical rather than emotive.  

But I realize I should have gone with RT:
http://www.rottentomatoes.com/m/2012/


http://www.rottentomatoes.com/m/1071806-independence_day/",None
a5xmb,"Roger Ebert gives one star to ""New Moon,"" says, ""Edward and the other members of the Cullen vampire clan stand around a lot with glowering skulks. Long pauses interrupt longer ones. Listen up, lads! You may be immortal, but we've got a train to catch.""",Roger Ebert review,c0g1fmn,2009-11-20 03:20:55,Mah hair!,Testsubject28
a5xmb,"Roger Ebert gives one star to ""New Moon,"" says, ""Edward and the other members of the Cullen vampire clan stand around a lot with glowering skulks. Long pauses interrupt longer ones. Listen up, lads! You may be immortal, but we've got a train to catch.""",Roger Ebert review,c0g12dl,2009-11-19 22:55:10,"Actually, it's the smell of Edward Cullen's vagina",pat965
a5xmb,"Roger Ebert gives one star to ""New Moon,"" says, ""Edward and the other members of the Cullen vampire clan stand around a lot with glowering skulks. Long pauses interrupt longer ones. Listen up, lads! You may be immortal, but we've got a train to catch.""",Roger Ebert review,c0g0xm9,2009-11-19 21:37:53,So why weren't you somewhere watching a film instead?,libertyordeath1
a5xmb,"Roger Ebert gives one star to ""New Moon,"" says, ""Edward and the other members of the Cullen vampire clan stand around a lot with glowering skulks. Long pauses interrupt longer ones. Listen up, lads! You may be immortal, but we've got a train to catch.""",Roger Ebert review,c0g0exx,2009-11-19 16:44:51,And a masochist apparently.,Lazarius
a5xmb,"Roger Ebert gives one star to ""New Moon,"" says, ""Edward and the other members of the Cullen vampire clan stand around a lot with glowering skulks. Long pauses interrupt longer ones. Listen up, lads! You may be immortal, but we've got a train to catch.""",Roger Ebert review,c0g0qw4,2009-11-19 19:52:18,"Meh, I wouldn't worry about it too much. People get carried away with their hatred of the series due to the fanaticism of the twihards. Just have a beer before you head to the theater and react extra loud to the movie. It tends to make a bad movie more enjoyable and it will probably discourage your wife from asking you to the next one.",Herff
a5xmb,"Roger Ebert gives one star to ""New Moon,"" says, ""Edward and the other members of the Cullen vampire clan stand around a lot with glowering skulks. Long pauses interrupt longer ones. Listen up, lads! You may be immortal, but we've got a train to catch.""",Roger Ebert review,c0g0h9p,2009-11-19 17:22:14,"Ebert mentions this regularly: I'm paid to give you my opinion. Not to espouse the opinion of the majority (Not in these exact words). I disagree with him many times. But eventually you will end up agreeing more than disagreeing. And if you don't, then abandon him.",juliusseizure
a5xmb,"Roger Ebert gives one star to ""New Moon,"" says, ""Edward and the other members of the Cullen vampire clan stand around a lot with glowering skulks. Long pauses interrupt longer ones. Listen up, lads! You may be immortal, but we've got a train to catch.""",Roger Ebert review,c0g0tmx,2009-11-19 20:36:20,">Just have a beer 

or 10.
",NotSpartacus
a5xmb,"Roger Ebert gives one star to ""New Moon,"" says, ""Edward and the other members of the Cullen vampire clan stand around a lot with glowering skulks. Long pauses interrupt longer ones. Listen up, lads! You may be immortal, but we've got a train to catch.""",Roger Ebert review,c0g17na,2009-11-20 00:33:20,Or do some K.,None
wr8g9x,Chris Weisz reveals that Taylor Swift wanted to be in Twilight: New Moon but rejected her offer. He said it would be too distracting for her to appear. Do you think he was right?,Taylor Swift news,ikr28ia,2022-08-18 03:40:23,"1. I donâ€™t think it would be too distracting
2. I thank him for not including her. Still a Swiftie but way past my twihard days. Happy that such a cameo is not in the Swiftverse - so to speak. 
Aside: this very much matches up with her relationship and/or pre-relationship timeline with Taylor Lautner.",bluesquirrel15
wr8g9x,Chris Weisz reveals that Taylor Swift wanted to be in Twilight: New Moon but rejected her offer. He said it would be too distracting for her to appear. Do you think he was right?,Taylor Swift news,ikr05de,2022-08-18 03:22:30,"It's not something I'd want on my resume if I was looking for more roles, but I mean, I think everybody should agree it's a step above the Hannah Montana movie, which Swift was in around the same time, in a small singing cameo. And you're right, at the time, there was in fact crossover appeal for me, and I would've eaten it up. 

> New Moon imo is the worst in the series

It depends how you mean. I think it's the most fascinatingly bad. It has the most ""problematic"" elements when people viewed Twilight solely as something to bash. I feel like when people mention how toxic Twilight was/is New Moon is what they're thinking of mostly whether they're conscious of it or not. And I think it's pretty interesting to watch it and dissect what they mean and how warranted it is. 

And for what it's worth? Recollecting when I was a fan, I thought Eclipse was by far more boring. It has the most love triangle shenanigans. New Moon may be ""worse"" but it's never boring.",Typical_Humanoid
wr8g9x,Chris Weisz reveals that Taylor Swift wanted to be in Twilight: New Moon but rejected her offer. He said it would be too distracting for her to appear. Do you think he was right?,Taylor Swift news,ikr39oe,2022-08-18 03:49:27,Maybe she could have distracted from the cgi wolves though?,None
wr8g9x,Chris Weisz reveals that Taylor Swift wanted to be in Twilight: New Moon but rejected her offer. He said it would be too distracting for her to appear. Do you think he was right?,Taylor Swift news,ikqzzas,2022-08-18 03:21:06,[I dont know if it would have been *too* distracting.](https://youtu.be/8Zx61p1qRaQ?t=11),SaulsAll
wr8g9x,Chris Weisz reveals that Taylor Swift wanted to be in Twilight: New Moon but rejected her offer. He said it would be too distracting for her to appear. Do you think he was right?,Taylor Swift news,ikr2e08,2022-08-18 03:41:43,It wouldn't be distracting. The real issue is that she would want a few million dollars for her role on top of any revenue guarantees.,ProgressMatters
wr8g9x,Chris Weisz reveals that Taylor Swift wanted to be in Twilight: New Moon but rejected her offer. He said it would be too distracting for her to appear. Do you think he was right?,Taylor Swift news,ikuqji0,2022-08-18 21:57:25,Considering she is so beautiful any appearance in any movie would be an awesome.,TaroFuzzy5588
wr8g9x,Chris Weisz reveals that Taylor Swift wanted to be in Twilight: New Moon but rejected her offer. He said it would be too distracting for her to appear. Do you think he was right?,Taylor Swift news,iqlaiwj,2022-10-01 05:02:17,Yes. Her only motive was to leech off the twilight fanbase.,III_Dingleberry
wr8g9x,Chris Weisz reveals that Taylor Swift wanted to be in Twilight: New Moon but rejected her offer. He said it would be too distracting for her to appear. Do you think he was right?,Taylor Swift news,ikr0la3,2022-08-18 03:26:14,"My opinions on Eclipse and New Moon are the reverse to yours. I think New Moon is the most boring because other than establishing the love triangle, it has the least going on in the plot. I think I enjoyed Eclipse more because there was just more going on and there was a plot, a villain, a love triangle, and just a whole lot going on. Maybe too much going on? I can concede that. I still enjoy New Moon, but it's my least favourite.",chariotchoogle
wr8g9x,Chris Weisz reveals that Taylor Swift wanted to be in Twilight: New Moon but rejected her offer. He said it would be too distracting for her to appear. Do you think he was right?,Taylor Swift news,ikr1hfu,2022-08-18 03:33:53,"As introspective as Twilight can be, New Moon is the most introspective. Bella thrill chasing as a replacement for the high she got being with Edward is at least a semblance of an interesting idea (Simply wrong to portray that as true love, but at least a character like Jessica calls it out?), Jacob seemingly succumbing to a cult from Bella's perspective is another fragment of a good idea. 

So much mystery remained from the first film that is explained in New Moon. Even though I grew out of Twilight years ago I still think world-building and character stuff is a lot more interesting than the most memorable antagonistic threat possible or big battles or a lot of events happening, and that applies here. The first film feels downright indie and Eclipse the big budget monster the trajectory of the series was destined for and New Moon is something of a compromise between the two. 

It *is* a worse film, but it's a bad film versus a pretty boring one in its being perfectly passable entertainment for what it's going for. And I just find the former more interesting.",Typical_Humanoid
wr8g9x,Chris Weisz reveals that Taylor Swift wanted to be in Twilight: New Moon but rejected her offer. He said it would be too distracting for her to appear. Do you think he was right?,Taylor Swift news,ikr1scm,2022-08-18 03:36:30,I love this idea. I must say that New Moon does pull of the depression scene well with all the seasonal changes out the window - loved that. I really enjoy the idea that New Moon was kind of a transitionary period for the franchise as it evolved from indie to blockbuster.,chariotchoogle
wr8g9x,Chris Weisz reveals that Taylor Swift wanted to be in Twilight: New Moon but rejected her offer. He said it would be too distracting for her to appear. Do you think he was right?,Taylor Swift news,ikr2cti,2022-08-18 03:41:26,"In the book the nearly blank pages conveying the same idea are what people make fun of Twilight for lol, but you have to give them credit for what they did translating that. 

It really feels like that doesn't it? I can't really think of another bridge quite like it. Like I said, an interesting failure.",Typical_Humanoid
aapie6,"This scene from Twilightâ€™s New moon does a great job depicting heartbreak, isolation, and depression",Depression scene,ectvf00,2018-12-29 22:08:13,Coincidentally the same emotions one goes through while watching twilight. ,DreamTheater2010
aapie6,"This scene from Twilightâ€™s New moon does a great job depicting heartbreak, isolation, and depression",Depression scene,ectuxez,2018-12-29 22:02:20,"Lmao, I felt the same when I watched this!",taoinruins
aapie6,"This scene from Twilightâ€™s New moon does a great job depicting heartbreak, isolation, and depression",Depression scene,ectvoa1,2018-12-29 22:11:18,I think Kristen Stewart does this job alone ðŸ˜‚,no_name_maddox
aapie6,"This scene from Twilightâ€™s New moon does a great job depicting heartbreak, isolation, and depression",Depression scene,ectvltz,2018-12-29 22:10:30,"I was dragged along to see this by the girl I was dating at the time. While this movie, and really the entire franchise, was not something I enjoyed, I do remember appreciating this scene for its depiction of a long lasting sadness. It's kind of ironic that a scene depicting depression was a bright spot in an otherwise bad film.",ImHully
aapie6,"This scene from Twilightâ€™s New moon does a great job depicting heartbreak, isolation, and depression",Depression scene,ectvurq,2018-12-29 22:13:30,you need to watch a Lars Von Treirs film to truly witness heartbreak on screen.. the poor acting in your teen vampire drama isn't shit compared to anything he's done.,raliberti2
aapie6,"This scene from Twilightâ€™s New moon does a great job depicting heartbreak, isolation, and depression",Depression scene,ecu1u17,2018-12-29 23:27:08,"Heartbreak, this post existing

Isolation,  Op

Depression,  this movie existing 

",ShankKunt42
aapie6,"This scene from Twilightâ€™s New moon does a great job depicting heartbreak, isolation, and depression",Depression scene,ectxump,2018-12-29 22:37:13,"No it doesnâ€™t thatâ€™s just how she always looks, thatâ€™s even her sex face.",ISAF_Griever
aapie6,"This scene from Twilightâ€™s New moon does a great job depicting heartbreak, isolation, and depression",Depression scene,ectviaa,2018-12-29 22:09:20,"ðŸ¤·ðŸ»â€â™€ï¸ You arenâ€™t wrong. Lol

I just felt this scene did a good job depicting at how an actual heartbreak feels.",Tyrionlannister15
aapie6,"This scene from Twilightâ€™s New moon does a great job depicting heartbreak, isolation, and depression",Depression scene,ectvtna,2018-12-29 22:13:07,"I feel the same. When the franchise came out I was a 12-14 year old girl, so I definitely enjoyed it at the time. Now I look back on it in more of a nostalgic light, but this scene really impressed me while rewatching it the other day. ",Tyrionlannister15
aapie6,"This scene from Twilightâ€™s New moon does a great job depicting heartbreak, isolation, and depression",Depression scene,ectvwk2,2018-12-29 22:14:07,Which film do you suggest?,Tyrionlannister15
aapie6,"This scene from Twilightâ€™s New moon does a great job depicting heartbreak, isolation, and depression",Depression scene,eculaff,2018-12-30 03:55:05,I don't know why you're getting downvotes. It's the Tee. ,None
aapie6,"This scene from Twilightâ€™s New moon does a great job depicting heartbreak, isolation, and depression",Depression scene,ectvq7h,2018-12-29 22:11:57,Itâ€™s a well shot scene for sure. Itâ€™s just seemed like a perfect opportunity to dig at twilight. Lol. ,DreamTheater2010
aapie6,"This scene from Twilightâ€™s New moon does a great job depicting heartbreak, isolation, and depression",Depression scene,ecub3hm,2018-12-30 01:34:50,"Yup.  This was the one scene I remember being done well. 

Guess I wasnâ€™t alone. 

Movie was still a 3/10. ",SamuraiJackBauer
aapie6,"This scene from Twilightâ€™s New moon does a great job depicting heartbreak, isolation, and depression",Depression scene,ecuy81g,2018-12-30 07:31:38,Manchester by the Sea would like a word with you.,Skyfryer
aapie6,"This scene from Twilightâ€™s New moon does a great job depicting heartbreak, isolation, and depression",Depression scene,ectwplg,2018-12-29 22:23:42,"Start with 'Dancer In The Dark', then 'Breaking the Waves'.. they will show you devotion and pain, but also peace and acceptance. Just be prepared for extreme emotional reactions. Both films changed me.. There are others that are good, and I have not seen them all.. but those two are powerful.",raliberti2
aapie6,"This scene from Twilightâ€™s New moon does a great job depicting heartbreak, isolation, and depression",Depression scene,ecumaws,2018-12-30 04:10:24,"i accept the down votes when i know I've shared the truth, despite it being an unpopular opinion",raliberti2
aapie6,"This scene from Twilightâ€™s New moon does a great job depicting heartbreak, isolation, and depression",Depression scene,ectvvh0,2018-12-29 22:13:44,The glitter effects are so cringeworthy. Loll,Tyrionlannister15
aapie6,"This scene from Twilightâ€™s New moon does a great job depicting heartbreak, isolation, and depression",Depression scene,ectwr7w,2018-12-29 22:24:16,Thank you! I will definitely check them out.,Tyrionlannister15
a9o51,Twilight: New Moon drops 70% at the box office,Box office drop,c0gidah,2009-12-01 03:23:05,Isn't this pretty much typical?  Releases are all about opening week.  Everything made after the opening week is gravy to the studio.,contrarian
a9o51,Twilight: New Moon drops 70% at the box office,Box office drop,c0gi96t,2009-12-01 02:07:21,"And the Fantastic Mr. Fox had an increase of +3,322.5%. It is a great movie.",eelaws
a9o51,Twilight: New Moon drops 70% at the box office,Box office drop,c0gi68e,2009-12-01 01:11:14,ya but 230 mill in a week.. thats fucking disgusting. Kinda blunts the 70% off news knowing its like the 10 biggest movie of all time in only 7 days...,superwinner
a9o51,Twilight: New Moon drops 70% at the box office,Box office drop,c0gi8by,2009-12-01 01:51:14,"Yeah, this is not news.  it still made $40 million in its second week",bookey23
a9o51,Twilight: New Moon drops 70% at the box office,Box office drop,c0giayu,2009-12-01 02:39:32,"I'm more surprised by ""The Blind Side's"" performance. It increased weekend to weekend and is at 100m, for a barely marketed Sandra Bullock movie.",bearythebear
a9o51,Twilight: New Moon drops 70% at the box office,Box office drop,c0gj3lt,2009-12-01 16:21:41,"Wow, never thought a teen-age vampire romp film would drop off so fast...",yellowsnowman
a9o51,Twilight: New Moon drops 70% at the box office,Box office drop,c0gj5x1,2009-12-01 17:03:09,A Christmas Carol had a budget of $200 million? The hell?,marcusesses
a9o51,Twilight: New Moon drops 70% at the box office,Box office drop,c0gli1j,2009-12-02 20:01:52,"Well, the studio still had a 460% ROI on this turd, so -70% or not, the bottom line is: they win, we lose.",Capi77
a9o51,Twilight: New Moon drops 70% at the box office,Box office drop,c0gm2hb,2009-12-03 01:15:22,I don't really understand this statistic. ,gmale9000
a9o51,Twilight: New Moon drops 70% at the box office,Box office drop,c0ginlh,2009-12-01 06:51:32,"blockbusters or overly promoted movies like ""New Moon"" are predicted to have a 50% drop each week (that's expected with most movies). more than that means the movie didn't live up to expectations, and a drop less than 50% means the movie is getting good ""word of mouth"" and exceeded expectations.",andhelostthem
a9o51,Twilight: New Moon drops 70% at the box office,Box office drop,c0giwwm,2009-12-01 13:19:52,"As cool as you want that to be, it looks like it just got wider distribution: +2,029 theater count.

(that said, I would like to see that movie a lot... that was one of my favorite books growing up)",mirthcontrol
a9o51,Twilight: New Moon drops 70% at the box office,Box office drop,c0gib4g,2009-12-01 02:42:53,I've been doing his whistle click ever since I watched it on Friday.,None
a9o51,Twilight: New Moon drops 70% at the box office,Box office drop,c0gidg9,2009-12-01 03:25:49,"Well, it added nearly all of the theaters.. I loved it though.",None
a9o51,Twilight: New Moon drops 70% at the box office,Box office drop,c0gidwt,2009-12-01 03:33:51,"It's the best movie I've seen this year, and I go to the theater at least once a week, so yes I've seen X movie you're going to hit me with.",None
a9o51,Twilight: New Moon drops 70% at the box office,Box office drop,c0ginin,2009-12-01 06:49:32,"""all time"" is relative to inflation",andhelostthem
a9o51,Twilight: New Moon drops 70% at the box office,Box office drop,c0gikb3,2009-12-01 05:36:52,99% of mothers will want to see that movie.,RedDyeNumber4
a9o51,Twilight: New Moon drops 70% at the box office,Box office drop,c0gk0ar,2009-12-02 00:35:33,Pixels don't come cheap.  Thats about as much as the standard pixar film these days...,sobe86
a9o51,Twilight: New Moon drops 70% at the box office,Box office drop,c0gkg1g,2009-12-02 05:23:00,The first movie dropped 62% in the second weekend so I would imagine that's the baseline they were hoping for.,Rasalas
a9o51,Twilight: New Moon drops 70% at the box office,Box office drop,c0gjjrq,2009-12-01 20:32:24,"Yeah, it looks like it was in all of four theaters previously.

Saw it over the weekend myself. The plot is a bit silly, but the writing is absolutely superb, and the characters are fantastic. I've never read the book so I can't say if they did it justice, but it's a damn good movie regardless and I'd probably place it in my top five for the year.",CaspianX2
a9o51,Twilight: New Moon drops 70% at the box office,Box office drop,c0gidak,2009-12-01 03:23:06,"Ha, same here and I've been getting those swirly eyes when my mind goes blank.",eelaws
a9o51,Twilight: New Moon drops 70% at the box office,Box office drop,c0gk41e,2009-12-02 01:44:22,"Really? I thought it was pretty good, but I thought Ponyo, Up, Moon, District 9, Observe and Report (am I the only one who liked this?), and, by *far*, A Serious Man and The Hurt Locker were all better. This coming from an Anderson fanboy.",None
a9o51,Twilight: New Moon drops 70% at the box office,Box office drop,c0gjjk2,2009-12-01 20:29:25,"And I've been getting those starry eyes whenever I eat a blueberr

\*Thump\*",CaspianX2
exl8d,AskMovies: Tempted to watch the Rifftrax version of Twilight New Moon. Does the funny outweigh the potential agony?,Rifftrax watch,c1bqbga,2011-01-07 02:12:32,"Hell yes. It's the only way I've watched any Twilight flick, and I don't regret a minute of any of them. Invite some friends over, they are best viewed with a group. 

""Complete sentence? Eh? ..... No, she's 0 for 50!""",sharkeybamf
exl8d,AskMovies: Tempted to watch the Rifftrax version of Twilight New Moon. Does the funny outweigh the potential agony?,Rifftrax watch,c1bqtsb,2011-01-07 04:21:38,Line?,None
exl8d,AskMovies: Tempted to watch the Rifftrax version of Twilight New Moon. Does the funny outweigh the potential agony?,Rifftrax watch,c1bqnuz,2011-01-07 03:40:48,Sweet. Thanks for taking one for the team sharkeybamf. I see there's at least two. Any preference? Start from the start?,alphabeat
exl8d,AskMovies: Tempted to watch the Rifftrax version of Twilight New Moon. Does the funny outweigh the potential agony?,Rifftrax watch,c1brrw7,2011-01-07 09:34:09,"Start with the first, because it sets up a lot of recurring jokes. There are three now, if you can stand that much man-glitter. 

I love that I can directly support Mike and the gang with my money. Seeing MST3K: The Movie in a theater packed full of fans (all gasping for air from laughing so hard) on opening night was one of the highlights of my young life. My heart was broken the day that the Satellite of Love stopped broadcasting for good. ",sharkeybamf
a58h4,Older women crave 'New Moon' vampires. The beginning of the death of Twilight? (I hope I hope I hope),Vampire audience,c0fwm72,2009-11-17 12:25:21,"This is a wonderful development for men.  This makes it very easy to spot which girls to have a one night stand with, and which girls to consider for a greater commitment.",myusernamewastaken
a58h4,Older women crave 'New Moon' vampires. The beginning of the death of Twilight? (I hope I hope I hope),Vampire audience,c0fwqms,2009-11-17 14:54:22,"yeah, older women *hated* the first twilight. ",oldsillybear
a58h4,Older women crave 'New Moon' vampires. The beginning of the death of Twilight? (I hope I hope I hope),Vampire audience,c0fwuu6,2009-11-17 16:28:44,I'm going to a press screening of New Moon tomorrow. I think the experience will be unique.,apz1
a58h4,Older women crave 'New Moon' vampires. The beginning of the death of Twilight? (I hope I hope I hope),Vampire audience,c0fwtyc,2009-11-17 16:10:26,"But Twilights main demographic, tween girls, probably won't be all that interested in it if their Moms are all hot and bothered for it.",yakimushi
aa4nr,"A respected, popular and intelligent film critic 
watches Twilight: New Moon and delivers a well 
argued and positive review. I shit you not.",Positive critic review,c0gkmxf,2009-12-02 08:11:59,"So he thinks it's good because it's about vampires, and vampire mythology has strong symbolism behind it. And it rips off Romeo and Juliet, and that's quite good. And shameless pandering to the jailbait audience is okay, because other movies shamelessly pander to teenage boys.

I'm a fan of Kermode, but I think he's stretching the limits of plausibility a little here just to stay on the same page as the average listener.",Shambles
aa4nr,"A respected, popular and intelligent film critic 
watches Twilight: New Moon and delivers a well 
argued and positive review. I shit you not.",Positive critic review,c0gky2f,2009-12-02 15:05:03,"A.O. Scott and Michael Phillips, from At the Movies, also recommend it.

http://bventertainment.go.com/tv/buenavista/atm/index.html
check out the now playing tab on the right

Also check out the website (or the show itself).  They're great film critics and have really restored At the Movies.  ",None
aa4nr,"A respected, popular and intelligent film critic 
watches Twilight: New Moon and delivers a well 
argued and positive review. I shit you not.",Positive critic review,c0gleuf,2009-12-02 19:17:01,"Kermode is brilliant. I spend many afternoons listening to his reviews, all fantastically delivered.",Orphe
13cjn1,Honest Trailers - Twilight 2: New Moon,Honest Trailer,c732dle,2012-11-18 04:51:16,I'm more sick of spoofs and shit like this than I am of the actual series.  It's the only thing standing between me and forgetting the movies or books exist.  ,None
b9tyz,"Chris Weitz Admits TWILIGHT: NEW MOON Jolly Forrest Romp ""A Mistake."" Now... when will he admit that the entire series is a mistake? ",Weitz comment,c0lo8yj,2010-03-05 23:27:34,Not if I know God like I know him.,None
b9tyz,"Chris Weitz Admits TWILIGHT: NEW MOON Jolly Forrest Romp ""A Mistake."" Now... when will he admit that the entire series is a mistake? ",Weitz comment,c0snq73,2010-06-22 16:50:57,"Quit watching this crap. TRUE BLOOD is better!
",Enlightenment777
a7qbk,"Undercover as a Twilight Fan At New Moon Opening 
Night - Cracked",Opening night undercover,c0g8jz6,2009-11-24 19:06:51,">My conclusion: Twilight fans are cold-blooded harlots, possible pedophiles or 12-year-old girls. How we as a society deal with these parasites is a complicated issue, **but pelting them with rocks would be far from the worst option.**

I concur.",Adam777T
a7qbk,"Undercover as a Twilight Fan At New Moon Opening 
Night - Cracked",Opening night undercover,c0g925t,2009-11-25 00:27:13,"I'll just stick to browsing the ""New"" reddits and downvoting anything that mentions... you know what.",shopcat
9f9bb,"New Twilight Saga: New Moon Posters featuring the Volturi, hmm, I bet they look real bad ass when they sparkle........meh.",Volturi posters,c0cjpqm,2009-08-29 05:30:19,"Wow, I haven't read the books, but I can already see a rip-off from Vampire: The Masquerade.

In V:tM there were a clan of Vampires called the Ventrue who were the ""Blue Bloods"" of the game.",adaminc
9f9bb,"New Twilight Saga: New Moon Posters featuring the Volturi, hmm, I bet they look real bad ass when they sparkle........meh.",Volturi posters,c0ck0di,2009-08-29 15:12:29,"There are a couple of cool ones... surprisingly, the Dakota Fanning one is pretty cool...",moviebuffkb
7igq4,Chris Weitz To Direct Twilight Sequel New Moon?,Directing sequel,c06qy4j,2008-12-10 03:49:32,Oh. OK.,neuromonkey
